timestamp,temperature,humidity,pressure_hi,pressure_lo,gas_hi,gas_lo,wind_speed,wind_direction,motor_voltage,motor_current,motor_power_raw,motor_control
2026-07-30 15:29:11,3391,5173,1,34187,1,34187,1,34187,10,7,83,1
2026-07-30 15:29:13,3391,5173,1,34187,1,34187,1,34187,10,11,122,1
2026-07-30 15:29:15,3391,5173,1,34187,1,34187,1,34187,10,11,126,1
2026-07-30 15:29:18,3391,5173,1,34187,1,34187,1,34187,10,11,127,1
2026-07-30 15:29:20,3391,5173,1,34187,1,34187,1,34187,10,10,105,1
2026-07-30 15:29:22,3391,5173,1,34187,1,34187,1,34187,10,11,125,1
2026-07-30 15:29:24,3391,5173,1,34187,1,34187,1,34187,10,11,120,1
2026-07-30 15:29:26,3391,5173,1,34187,1,34187,1,34187,10,10,112,1
2026-07-30 15:29:28,3391,5173,1,34187,1,34187,1,34187,10,11,124,1
2026-07-30 15:29:31,3391,5173,1,34187,1,34187,1,34187,10,10,110,1
2026-07-30 15:29:33,3391,5173,1,34187,1,34187,1,34187,10,11,115,1
2026-07-30 15:29:35,3391,5173,1,34187,1,34187,1,34187,10,8,88,1
2026-07-30 15:29:37,3391,5173,1,34187,1,34187,1,34187,10,11,126,1
2026-07-30 15:29:39,3391,5173,1,34187,1,34187,1,34187,10,7,82,1
2026-07-30 15:29:41,3391,5173,1,34187,1,34187,1,34187,10,11,117,1
2026-07-30 15:29:43,3391,5173,1,34187,1,34187,1,34187,10,11,127,1
2026-07-30 15:29:46,3391,5173,1,34187,1,34187,1,34187,10,7,78,1
2026-07-30 15:29:48,3391,5173,1,34187,1,34187,1,34187,10,10,114,1
2026-07-30 15:29:50,3391,5173,1,34187,1,34187,1,34187,10,11,125,1
2026-07-30 15:29:52,3391,5173,1,34187,1,34187,1,34187,10,10,113,1
2026-07-30 15:29:54,3391,5173,1,34187,1,34187,1,34187,10,11,116,1
2026-07-30 15:29:56,3391,5173,1,34187,1,34187,1,34187,10,7,78,1
2026-07-30 15:29:58,3391,5173,1,34187,1,34187,1,34187,10,8,87,1
2026-07-30 15:30:01,3391,5173,1,34187,1,34187,1,34187,10,10,104,1
2026-07-30 15:30:03,3391,5173,1,34187,1,34187,1,34187,10,11,121,1
2026-07-30 15:30:05,3391,5173,1,34187,1,34187,1,34187,10,7,83,1
2026-07-30 15:30:07,3391,5173,1,34187,1,34187,1,34187,10,9,105,1
2026-07-30 15:30:09,3391,5173,1,34187,1,34187,1,34187,10,10,117,1
2026-07-30 15:30:11,3391,5173,1,34187,1,34187,1,34187,10,11,113,1
2026-07-30 15:30:13,3391,5173,1,34187,1,34187,1,34187,10,9,101,1
2026-07-30 15:30:16,3391,5173,1,34187,1,34187,1,34187,10,11,122,1
2026-07-30 15:30:18,3391,5173,1,34187,1,34187,1,34187,10,9,97,1
2026-07-30 15:30:20,3391,5173,1,34187,1,34187,1,34187,10,10,107,1
2026-07-30 15:30:22,3391,5173,1,34187,1,34187,1,34187,10,7,79,1
2026-07-30 15:30:24,3391,5173,1,34187,1,34187,1,34187,10,8,90,1
2026-07-30 15:30:26,3391,5173,1,34187,1,34187,1,34187,10,11,127,1
2026-07-30 15:30:29,3391,5173,1,34187,1,34187,1,34187,10,7,83,1
2026-07-30 15:30:31,3391,5173,1,34187,1,34187,1,34187,10,7,81,1
2026-07-30 15:30:33,3391,5173,1,34187,1,34187,1,34187,10,7,81,1
2026-07-30 15:30:35,3391,5173,1,34187,1,34187,1,34187,10,9,94,1
2026-07-30 15:30:37,3391,5173,1,34187,1,34187,1,34187,10,11,113,1
2026-07-30 15:30:39,3391,5173,1,34187,1,34187,1,34187,10,7,84,1
2026-07-30 15:30:41,3391,5173,1,34187,1,34187,1,34187,10,11,122,1
2026-07-30 15:30:44,3391,5173,1,34187,1,34187,1,34187,10,10,114,1
2026-07-30 15:30:46,3391,5173,1,34187,1,34187,1,34187,10,10,111,1
2026-07-30 15:30:48,3391,5173,1,34187,1,34187,1,34187,10,8,93,1
2026-07-30 15:30:50,3391,5173,1,34187,1,34187,1,34187,10,10,113,1
2026-07-30 15:30:52,3391,5173,1,34187,1,34187,1,34187,10,11,126,1
2026-07-30 15:30:54,3391,5173,1,34187,1,34187,1,34187,10,7,81,1
2026-07-30 15:30:57,3391,5173,1,34187,1,34187,1,34187,10,11,122,1
2026-07-30 15:30:59,3391,5173,1,34187,1,34187,1,34187,10,11,114,1
2026-07-30 15:31:01,3391,5173,1,34187,1,34187,1,34187,10,7,78,1
2026-07-30 15:31:03,3391,5173,1,34187,1,34187,1,34187,10,11,121,1
2026-07-30 15:31:05,3391,5173,1,34187,1,34187,1,34187,10,8,86,1
2026-07-30 15:31:07,3391,5173,1,34187,1,34187,1,34187,10,11,129,1
2026-07-30 15:31:09,3391,5173,1,34187,1,34187,1,34187,10,7,84,1
2026-07-30 15:31:12,3391,5173,1,34187,1,34187,1,34187,10,7,80,1
2026-07-30 15:31:14,3391,5173,1,34187,1,34187,1,34187,10,7,83,1
2026-07-30 15:31:16,3391,5173,1,34187,1,34187,1,34187,10,11,119,1
2026-07-30 15:31:18,3391,5173,1,34187,1,34187,1,34187,10,8,88,1
2026-07-30 15:31:20,3391,5173,1,34187,1,34187,1,34187,10,7,84,1
2026-07-30 15:31:22,3391,5173,1,34187,1,34187,1,34187,10,11,120,1
2026-07-30 15:31:24,3391,5173,1,34187,1,34187,1,34187,10,11,124,1
2026-07-30 15:31:27,3391,5173,1,34187,1,34187,1,34187,10,7,80,1
2026-07-30 15:31:29,3391,5173,1,34187,1,34187,1,34187,10,11,117,1
2026-07-30 15:31:31,3391,5173,1,34187,1,34187,1,34187,10,10,118,1
2026-07-30 15:31:33,3391,5173,1,34187,1,34187,1,34187,10,11,125,1
2026-07-30 15:31:35,3391,5173,1,34187,1,34187,1,34187,10,11,116,1
2026-07-30 15:31:37,3391,5173,1,34187,1,34187,1,34187,10,10,111,1
2026-07-30 15:31:40,3391,5173,1,34187,1,34187,1,34187,10,10,108,1
2026-07-30 15:31:42,3391,5173,1,34187,1,34187,1,34187,10,7,79,1
2026-07-30 15:31:44,3391,5173,1,34187,1,34187,1,34187,10,7,82,1
2026-07-30 15:31:46,3391,5173,1,34187,1,34187,1,34187,10,7,79,1
2026-07-30 15:31:48,3391,5173,1,34187,1,34187,1,34187,10,10,117,1
2026-07-30 15:31:50,3391,5173,1,34187,1,34187,1,34187,10,11,124,1
2026-07-30 15:31:52,3391,5173,1,34187,1,34187,1,34187,10,7,76,1
2026-07-30 15:31:55,3391,5173,1,34187,1,34187,1,34187,10,11,118,1
2026-07-30 15:31:57,3391,5173,1,34187,1,34187,1,34187,10,7,75,1
2026-07-30 15:31:59,3391,5173,1,34187,1,34187,1,34187,10,7,80,1
2026-07-30 15:32:01,3391,5173,1,34187,1,34187,1,34187,10,11,120,1
2026-07-30 15:32:03,3391,5173,1,34187,1,34187,1,34187,10,7,79,1
2026-07-30 15:32:05,3391,5173,1,34187,1,34187,1,34187,10,11,125,1
2026-07-30 15:32:08,3391,5173,1,34187,1,34187,1,34187,10,10,104,1
2026-07-30 15:32:10,3391,5173,1,34187,1,34187,1,34187,10,9,94,1
2026-07-30 15:32:12,3391,5173,1,34187,1,34187,1,34187,10,7,84,1
2026-07-30 15:32:14,3391,5173,1,34187,1,34187,1,34187,10,11,120,1
2026-07-30 15:32:16,3391,5173,1,34187,1,34187,1,34187,10,8,84,1
2026-07-30 15:32:18,3391,5173,1,34187,1,34187,1,34187,10,11,125,1
2026-07-30 15:32:21,3391,5173,1,34187,1,34187,1,34187,10,7,82,1
2026-07-30 15:32:23,3391,5173,1,34187,1,34187,1,34187,10,11,121,1
2026-07-30 15:32:25,3391,5173,1,34187,1,34187,1,34187,10,10,116,1
2026-07-30 15:32:27,3391,5173,1,34187,1,34187,1,34187,10,7,76,1
2026-07-30 15:32:30,3391,5173,1,34187,1,34187,1,34187,10,11,117,1
2026-07-30 15:32:32,3391,5173,1,34187,1,34187,1,34187,10,7,76,1
2026-07-30 15:32:35,3391,5173,1,34187,1,34187,1,34187,10,10,103,1
2026-07-30 15:32:37,3391,5173,1,34187,1,34187,1,34187,10,10,111,1
2026-07-30 15:32:39,3391,5173,1,34187,1,34187,1,34187,10,7,81,1
2026-07-30 15:32:41,3391,5173,1,34187,1,34187,1,34187,10,9,100,1
2026-07-30 15:32:43,3391,5173,1,34187,1,34187,1,34187,10,8,89,1
2026-07-30 15:32:46,3391,5173,1,34187,1,34187,1,34187,10,9,99,1
2026-07-30 15:32:48,3391,5173,1,34187,1,34187,1,34187,10,11,125,1
2026-07-30 15:32:50,3391,5173,1,34187,1,34187,1,34187,10,8,94,1
2026-07-30 15:32:52,3391,5173,1,34187,1,34187,1,34187,10,7,78,1
2026-07-30 15:32:55,3391,5173,1,34187,1,34187,1,34187,10,8,86,1
2026-07-30 15:32:57,3391,5173,1,34187,1,34187,1,34187,10,10,113,1
2026-07-30 15:32:59,3391,5173,1,34187,1,34187,1,34187,10,7,77,1
2026-07-30 15:33:02,3391,5173,1,34187,1,34187,1,34187,10,10,117,1
2026-07-30 15:33:04,3391,5173,1,34187,1,34187,1,34187,10,7,83,1
2026-07-30 15:33:06,3391,5173,1,34187,1,34187,1,34187,10,8,88,1
2026-07-30 15:33:08,3391,5173,1,34187,1,34187,1,34187,10,11,124,1
2026-07-30 15:33:11,3391,5173,1,34187,1,34187,1,34187,10,8,89,1
2026-07-30 15:33:13,3391,5173,1,34187,1,34187,1,34187,10,7,80,1
2026-07-30 15:33:15,3391,5173,1,34187,1,34187,1,34187,10,10,116,1
2026-07-30 15:33:17,3391,5173,1,34187,1,34187,1,34187,10,11,121,1
2026-07-30 15:33:19,3391,5173,1,34187,1,34187,1,34187,10,10,105,1
2026-07-30 15:33:22,3391,5173,1,34187,1,34187,1,34187,10,7,80,1
2026-07-30 15:33:24,3391,5173,1,34187,1,34187,1,34187,10,8,85,1
2026-07-30 15:33:26,3391,5173,1,34187,1,34187,1,34187,10,8,92,1
2026-07-30 15:33:28,3391,5173,1,34187,1,34187,1,34187,10,7,74,1
2026-07-30 15:33:31,3391,5173,1,34187,1,34187,1,34187,10,9,96,1
2026-07-30 15:33:33,3391,5173,1,34187,1,34187,1,34187,10,10,118,1
2026-07-30 15:33:35,3391,5173,1,34187,1,34187,1,34187,10,11,119,1
2026-07-30 15:33:37,3391,5173,1,34187,1,34187,1,34187,10,11,120,1
2026-07-30 15:33:39,3391,5173,1,34187,1,34187,1,34187,10,10,111,1
2026-07-30 15:33:42,3391,5173,1,34187,1,34187,1,34187,10,11,115,1
2026-07-30 15:33:44,3391,5173,1,34187,1,34187,1,34187,10,7,79,1
2026-07-30 15:33:46,3391,5173,1,34187,1,34187,1,34187,10,9,90,1
2026-07-30 15:33:48,3391,5173,1,34187,1,34187,1,34187,10,11,118,1
2026-07-30 15:33:51,3391,5173,1,34187,1,34187,1,34187,10,11,122,1
2026-07-30 15:33:53,3391,5173,1,34187,1,34187,1,34187,10,8,89,1
2026-07-30 15:33:55,3391,5173,1,34187,1,34187,1,34187,10,11,123,1
2026-07-30 15:33:57,3391,5173,1,34187,1,34187,1,34187,10,11,119,1
2026-07-30 15:33:59,3391,5173,1,34187,1,34187,1,34187,10,9,104,1
2026-07-30 15:34:02,3391,5173,1,34187,1,34187,1,34187,10,11,119,1
2026-07-30 15:34:04,3391,5173,1,34187,1,34187,1,34187,10,7,78,1
2026-07-30 15:34:06,3391,5173,1,34187,1,34187,1,34187,10,7,77,1
2026-07-30 15:34:08,3391,5173,1,34187,1,34187,1,34187,10,10,114,1
2026-07-30 15:34:10,3391,5173,1,34187,1,34187,1,34187,10,8,89,1
2026-07-30 15:34:14,3391,5173,1,34187,1,34187,1,34187,10,7,82,1
2026-07-30 15:34:16,3391,5173,1,34187,1,34187,1,34187,10,10,108,1
2026-07-30 15:34:18,3391,5173,1,34187,1,34187,1,34187,10,8,92,1
2026-07-30 15:34:20,3391,5173,1,34187,1,34187,1,34187,10,11,124,1
